id;account_holder_name;payment_amount;bank_name;account_number;ifsc_code;check_number;micr_code;payment_advice_type;reference_number;payment_status;hissa_type;project_land_id;land_compensation_id
1;Account Avon;60397;sky;redundant;Optimized Field;Buckinghamshire;auxiliary;CHECQUE;Shirt technologies;PENDING;JOINT_OWNER;1;1
2;paradigms mission-critical communities;59121;policy;for Knoll;projection Shirt;calculating Avon;synthesize Specialist Steel;OTHER;Fresh;PAID;JOINT_OWNER;2;2
3;recontextualize;77493;wireless Books payment;Solutions algorithm;Frozen Belarus;infomediaries redundant;invoice;OTHER;Branding;APPROVED;DIVIDED;3;3
4;Forward Facilitator;48663;withdrawal;Global Kansas;override web-enabled;Tools;synthesizing;ONLINE;convergence;PAID;SINGLE_OWNER;4;4
5;Digitized Buckinghamshire array;33365;Licensed Chair applications;program Metal;initiatives Investor intuitive;Granite generating;invoice Ergonomic;OTHER;microchip;PAID;JOINT_OWNER;5;5
6;Square Security Garden;65288;alarm;Supervisor Handmade Coordinator;unleash Brazilian;hack;multimedia Plastic;CHECQUE;partnerships;PAID;SINGLE_OWNER;6;6
7;Guiana Prairie deploy;30246;Bedfordshire Shirt Soft;explicit systems International;maroon;Michigan technologies primary;instruction;OTHER;Agent;PAID;SINGLE_OWNER;7;7
8;schemas Frozen;93487;Account Triple-buffered;Radial Market;exploit throughput deposit;Hat Lead;multi-byte Investment;CHECQUE;Dynamic deposit;APPROVED;SINGLE_OWNER;8;8
9;indexing Ohio function;40422;process Optimization;Monitored Tennessee auxiliary;Cross-platform;Integration;next-generation Nevada Practical;OTHER;Montenegro Keyboard Orchestrator;APPROVED;SINGLE_OWNER;9;9
10;cross-platform Ball Lebanon;44429;portals redefine;asymmetric calculate;Diverse Checking;Response connecting Island;Tasty Multi-tiered Account;OTHER;implementation Frozen face;PENDING;JOINT_OWNER;10;10
