id;account_holder_name;account_holder_bank_name;payment_amount;bank_name;account_number;ifsc_code;check_number;micr_code;payment_advice_type;reference_number;payment_status;hissa_type
1;Outdoors;Utah Dobra syndicate;66551;Credit Incredible International;Architect;overriding Gloves;Refined Crest innovate;Frozen;ONLINE;901aca31-84f0-4567-bc66-edbbd9e38f79;PAID;DIVIDED
2;Wyoming Wooden;Analyst Frozen Venezuela;77446;reboot;digital;Cambridgeshire Tasty Public-key;system Agent;Car;ONLINE;7387c670-9aa7-4d7e-95c8-270302a3941d;APPROVED;SINGLE_OWNER
3;Organized Designer;Intelligent;63755;Markets;Haiti;Wooden;Arkansas Profound withdrawal;Compatible Hat Incredible;ONLINE;ca305f69-fad1-4a70-a0dc-9e9dca80af42;PAID;JOINT_OWNER
4;input Visionary repurpose;Tasty Mayotte override;16000;Forward;quantifying bi-directional;Kids;Avon;Turnpike Garden;CHECQUE;290c33c3-eefa-4a2e-a934-399ca136de35;APPROVED;SINGLE_OWNER
5;hacking;Metal action-items Keyboard;70879;Regional Towels;Lead Account quantify;Yen;out-of-the-box Italy hacking;Bedfordshire azure Applications;CHECQUE;efed7d35-e24d-4a1c-b4fc-d5c94399e755;PENDING;DIVIDED
6;e-business Azerbaijan Concrete;RAM;48758;modular withdrawal web-readiness;Motorway override Manor;Optimization Cambridgeshire;Personal;Sausages bypassing;ONLINE;c5ab56f1-b309-4c1d-9c47-727a39c209cb;PENDING;DIVIDED
7;infomediaries Berkshire;Interface Usability;8227;Small Awesome Reverse-engineered;Fantastic;Creek;Diverse programming Assistant;platforms GB transmitting;OTHER;e137a700-3de9-4fc3-87cb-0e446af1ff76;APPROVED;JOINT_OWNER
8;system;Chair;7653;compressing;value-added Mission Cambridgeshire;Administrator protocol database;invoice Investment Bedfordshire;fuchsia;CHECQUE;767a88a3-73b4-476f-a329-bd5e0c60233f;APPROVED;DIVIDED
9;Borders National;Tenge card optical;62264;Soap frictionless proactive;Focused Ergonomic needs-based;SCSI;JBOD THX GB;Books back-end;ONLINE;6460618c-6186-420c-bedf-1c4ec072d80d;PAID;JOINT_OWNER
10;black Indiana;Universal Leone Security;27526;Grenadines systems;AGP;Auto Cheese;grow compressing;Ergonomic Grocery;ONLINE;1a58ea78-3b9b-4b5d-be47-4c304b9cf1ef;PENDING;JOINT_OWNER
